/*create database system;

create table system.information(
hostname varchar(100) not null,
port_number varchar(5) not null,
username varchar(200) not null,
pwd varchar(20) not null,
database_name  varchar(50)  not null,
table_name varchar(20)
);


insert into system.information values('comp335-mysql.cb1zkx0jmbwk.us-west-2.rds.amazonaws.com','3306','comp335','12345678','tenant1','movie') ;

insert into system.information values('comp335-mysql.cb1zkx0jmbwk.us-west-2.rds.amazonaws.com','3306','comp335','12345678','tenant1','client');
insert into system.information values('comp335-mysql.cb1zkx0jmbwk.us-west-2.rds.amazonaws.com','3306','comp335','12345678','tenant1','ticket'); 

insert into system.information values('comp335-mysql-2.cb1zkx0jmbwk.us-west-2.rds.amazonaws.com','3307','MasterUsername','12345678','tenant2','movie') ;
insert into system.information values('comp335-mysql-2.cb1zkx0jmbwk.us-west-2.rds.amazonaws.com','3307','MasterUsername','12345678','tenant2','client');
insert into system.information values('comp335-mysql-2.cb1zkx0jmbwk.us-west-2.rds.amazonaws.com','3307','MasterUsername','12345678','tenant2','ticket'); 



create table system.tenant(
tenant_name varchar(50) not null,
tenant_id varchar(10) not null,
password varchar(10) not null
);
insert into system.tenant values('tenant1','t001','123456');
insert into system.tenant values('tenant2','t002','123456');

create table system.admin(
admin_name varchar(50) not null,
admin_id varchar(10) not null,
password varchar(10) not null
);
insert into system.tenant values('admin1','a001','123456');
create table system.featureflag(
tenantid varchar(10) not null,
featurename varchar(50) not null
);

insert into system.featureflag values('t002','feature4');
insert into system.featureflag values('t001','search');
insert into system.featureflag values('t001','payment1');
insert into system.featureflag values('t001','feature2');
insert into system.featureflag values('t002','search');
insert into system.featureflag values('t002','payment2');
insert into system.featureflag values('t002','feature3');
create table system.feature_service(
featurename varchar(50) not null,
feature_status boolean 
);
insert into system.feature_service values('search',true);
insert into system.feature_service values('payment1',true);
insert into system.feature_service values('payment2',true);
insert into system.feature_service values('feature1',true);
insert into system.feature_service values('feature2',true);
insert into system.feature_service values('feature3',true);
insert into system.feature_service values('feature4',true);
insert into system.feature_service values('feature5',false);
insert into system.feature_service values('feature6',false);
insert into system.feature_service values('feature7',false);*/